Name,images,target
LEVOTHYROXINE SODIUM,1023.jpg,0
LEVOTHYROXINE SODIUM,1041.jpg,0
LEVOTHYROXINE SODIUM,1047.jpg,0
LEVOTHYROXINE SODIUM,1138.jpg,0
LEVOTHYROXINE SODIUM,1188.jpg,0
LEVOTHYROXINE SODIUM,1214.jpg,0
LEVOTHYROXINE SODIUM,1320.jpg,0
LEVOTHYROXINE SODIUM,1346.jpg,0
LEVOTHYROXINE SODIUM,1375.jpg,0
LEVOTHYROXINE SODIUM,1429.jpg,0
LEVOTHYROXINE SODIUM,1486.jpg,0
LEVOTHYROXINE SODIUM,1577.jpg,0
LEVOTHYROXINE SODIUM,1669.jpg,0
LEVOTHYROXINE SODIUM,1688.jpg,0
LEVOTHYROXINE SODIUM,1730.jpg,0
LEVOTHYROXINE SODIUM,1835.jpg,0
LEVOTHYROXINE SODIUM,1861.jpg,0
LEVOTHYROXINE SODIUM,1992.jpg,0
LEVOTHYROXINE SODIUM,1998.jpg,0
LEVOTHYROXINE SODIUM,2009.jpg,0
LEVOTHYROXINE SODIUM,21.jpg,0
LEVOTHYROXINE SODIUM,2126.jpg,0
LEVOTHYROXINE SODIUM,2128.jpg,0
LEVOTHYROXINE SODIUM,2149.jpg,0
LEVOTHYROXINE SODIUM,2150.jpg,0
LEVOTHYROXINE SODIUM,2207.jpg,0
LEVOTHYROXINE SODIUM,2223.jpg,0
LEVOTHYROXINE SODIUM,2240.jpg,0
LEVOTHYROXINE SODIUM,2242.jpg,0
LEVOTHYROXINE SODIUM,2251.jpg,0
LEVOTHYROXINE SODIUM,234.jpg,0
LEVOTHYROXINE SODIUM,2366.jpg,0
LEVOTHYROXINE SODIUM,2397.jpg,0
LEVOTHYROXINE SODIUM,264.jpg,0
LEVOTHYROXINE SODIUM,2756.jpg,0
LEVOTHYROXINE SODIUM,2917.jpg,0
LEVOTHYROXINE SODIUM,2998.jpg,0
LEVOTHYROXINE SODIUM,302.jpg,0
LEVOTHYROXINE SODIUM,3050.jpg,0
LEVOTHYROXINE SODIUM,317.jpg,0
LEVOTHYROXINE SODIUM,3208.jpg,0
LEVOTHYROXINE SODIUM,3417.jpg,0
LEVOTHYROXINE SODIUM,3533.jpg,0
LEVOTHYROXINE SODIUM,3569.jpg,0
LEVOTHYROXINE SODIUM,3646.jpg,0
LEVOTHYROXINE SODIUM,3661.jpg,0
LEVOTHYROXINE SODIUM,3715.jpg,0
LEVOTHYROXINE SODIUM,3841.jpg,0
LEVOTHYROXINE SODIUM,3898.jpg,0
LEVOTHYROXINE SODIUM,3914.jpg,0
LEVOTHYROXINE SODIUM,3944.jpg,0
LEVOTHYROXINE SODIUM,4092.jpg,0
LEVOTHYROXINE SODIUM,4126.jpg,0
LEVOTHYROXINE SODIUM,4151.jpg,0
LEVOTHYROXINE SODIUM,4213.jpg,0
LEVOTHYROXINE SODIUM,4240.jpg,0
LEVOTHYROXINE SODIUM,4249.jpg,0
LEVOTHYROXINE SODIUM,425.jpg,0
LEVOTHYROXINE SODIUM,4280.jpg,0
LEVOTHYROXINE SODIUM,438.jpg,0
LEVOTHYROXINE SODIUM,4441.jpg,0
LEVOTHYROXINE SODIUM,4477.jpg,0
LEVOTHYROXINE SODIUM,4569.jpg,0
LEVOTHYROXINE SODIUM,4658.jpg,0
LEVOTHYROXINE SODIUM,4774.jpg,0
LEVOTHYROXINE SODIUM,48.jpg,0
LEVOTHYROXINE SODIUM,4862.jpg,0
LEVOTHYROXINE SODIUM,4864.jpg,0
LEVOTHYROXINE SODIUM,545.jpg,0
LEVOTHYROXINE SODIUM,585.jpg,0
LEVOTHYROXINE SODIUM,587.jpg,0
LEVOTHYROXINE SODIUM,677.jpg,0
LEVOTHYROXINE SODIUM,700.jpg,0
LEVOTHYROXINE SODIUM,716.jpg,0
LEVOTHYROXINE SODIUM,802.jpg,0
LEVOTHYROXINE SODIUM,839.jpg,0
LEVOTHYROXINE SODIUM,876.jpg,0
LEVOTHYROXINE SODIUM,895.jpg,0
LEVOTHYROXINE SODIUM,929.jpg,0
LEVOTHYROXINE SODIUM,974.jpg,0
LEVOTHYROXINE SODIUM,986.jpg,0
LEVOTHYROXINE SODIUM,00378-1800-01_PART_1_OF_1_CHAL10_SB_6823B45D.jpg,0
LEVOTHYROXINE SODIUM,00378-1800-01_PART_1_OF_1_CHAL10_SF_6823B45D.jpg,0
LEVOTHYROXINE SODIUM,00378-1803-01_PART_1_OF_1_CHAL10_SB_2A23950C.jpg,0
LEVOTHYROXINE SODIUM,00378-1803-01_PART_1_OF_1_CHAL10_SF_2A23950C.jpg,0
LEVOTHYROXINE SODIUM,00378-1807-01_PART_1_OF_1_CHAL10_SB_1A238D5C.jpg,0
LEVOTHYROXINE SODIUM,00378-1807-01_PART_1_OF_1_CHAL10_SF_1A238D5C.jpg,0
LEVOTHYROXINE SODIUM,00378-1809-01_PART_1_OF_1_CHAL10_SB_5623AB5D.jpg,0
LEVOTHYROXINE SODIUM,00378-1809-01_PART_1_OF_1_CHAL10_SF_5623AB5D.jpg,0
LEVOTHYROXINE SODIUM,00378-1811-01_PART_1_OF_1_CHAL10_SB_5123A8BD.jpg,0
LEVOTHYROXINE SODIUM,00378-1811-01_PART_1_OF_1_CHAL10_SF_5123A8BD.jpg,0
LEVOTHYROXINE SODIUM,00378-1813-01_PART_1_OF_1_CHAL10_SB_4823A43D.jpg,0
LEVOTHYROXINE SODIUM,00378-1813-01_PART_1_OF_1_CHAL10_SF_4823A43D.jpg,0
LEVOTHYROXINE SODIUM,00378-1815-01_PART_1_OF_1_CHAL10_SB_4423A22D.jpg,0
LEVOTHYROXINE SODIUM,00378-1815-01_PART_1_OF_1_CHAL10_SF_4423A22D.jpg,0
LEVOTHYROXINE SODIUM,00378-1819-01_PART_1_OF_1_CHAL10_SB_3F239FBC.jpg,0
LEVOTHYROXINE SODIUM,00378-1819-01_PART_1_OF_1_CHAL10_SF_3F239FBC.jpg,0
LEVOTHYROXINE SODIUM,00378-1821-01_PART_1_OF_1_CHAL10_SB_4D23A6AD.jpg,0
LEVOTHYROXINE SODIUM,00378-1821-01_PART_1_OF_1_CHAL10_SF_4D23A6AD.jpg,0
LEVOTHYROXINE SODIUM,00378-1823-01_PART_1_OF_1_CHAL10_SB_D723EBAF.jpg,0
LEVOTHYROXINE SODIUM,00378-1823-01_PART_1_OF_1_CHAL10_SF_D723EBAF.jpg,0
LEVOTHYROXINE SODIUM,00781-5181-01_PART_1_OF_1_CHAL10_SB_6C23B66D.jpg,0
LEVOTHYROXINE SODIUM,00781-5181-01_PART_1_OF_1_CHAL10_SF_6C23B66D.jpg,0
LEVOTHYROXINE SODIUM,00781-5183-01_PART_1_OF_1_CHAL10_SB_7E23BF6D.jpg,0
LEVOTHYROXINE SODIUM,00781-5183-01_PART_1_OF_1_CHAL10_SF_7E23BF6D.jpg,0
LEVOTHYROXINE SODIUM,00781-5184-01_PART_1_OF_1_CHAL10_SB_6E21B76D.jpg,0
LEVOTHYROXINE SODIUM,00781-5184-01_PART_1_OF_1_CHAL10_SF_6E21B76D.jpg,0
LEVOTHYROXINE SODIUM,00781-5185-01_PART_1_OF_1_CHAL10_SB_8323C1DE.jpg,0
LEVOTHYROXINE SODIUM,00781-5185-01_PART_1_OF_1_CHAL10_SF_8323C1DE.jpg,0
LEVOTHYROXINE SODIUM,00781-5186-01_PART_1_OF_1_CHAL10_SB_7A23BD5D.jpg,0
LEVOTHYROXINE SODIUM,00781-5186-01_PART_1_OF_1_CHAL10_SF_7A23BD5D.jpg,0
LEVOTHYROXINE SODIUM,00781-5187-01_PART_1_OF_1_CHAL10_SB_34239A1C.jpg,0
LEVOTHYROXINE SODIUM,00781-5187-01_PART_1_OF_1_CHAL10_SF_34239A1C.jpg,0
LEVOTHYROXINE SODIUM,00781-5188-01_PART_1_OF_1_CHAL10_SB_D020E837.jpg,0
LEVOTHYROXINE SODIUM,00781-5188-01_PART_1_OF_1_CHAL10_SF_D020E837.jpg,0
LEVOTHYROXINE SODIUM,00781-5189-01_PART_1_OF_1_CHAL10_SB_7523BAED.jpg,0
LEVOTHYROXINE SODIUM,00781-5189-01_PART_1_OF_1_CHAL10_SF_7523BAED.jpg,0
LEVOTHYROXINE SODIUM,00781-5191-01_PART_1_OF_1_CHAL10_SB_CD20E6B7.jpg,0
LEVOTHYROXINE SODIUM,00781-5191-01_PART_1_OF_1_CHAL10_SF_CD20E6B7.jpg,0
LEVOTHYROXINE SODIUM,0378-1805_0_0.jpg,0
LEVOTHYROXINE SODIUM,0378-1805_0_1.jpg,0
LEVOTHYROXINE SODIUM,0781-5180_0_0.jpg,0
LEVOTHYROXINE SODIUM,0781-5180_0_1.jpg,0
LEVOTHYROXINE SODIUM,0781-5182_0_0.jpg,0
LEVOTHYROXINE SODIUM,0781-5182_0_1.jpg,0
LISINOPRIL,1310.jpg,1
LISINOPRIL,1398.jpg,1
LISINOPRIL,1405.jpg,1
LISINOPRIL,1435.jpg,1
LISINOPRIL,1442.jpg,1
LISINOPRIL,1564.jpg,1
LISINOPRIL,1573.jpg,1
LISINOPRIL,1691.jpg,1
LISINOPRIL,1904.jpg,1
LISINOPRIL,1964.jpg,1
LISINOPRIL,1973.jpg,1
LISINOPRIL,2034.jpg,1
LISINOPRIL,2075.jpg,1
LISINOPRIL,2116.jpg,1
LISINOPRIL,2145.jpg,1
LISINOPRIL,2206.jpg,1
LISINOPRIL,2419.jpg,1
LISINOPRIL,2463.jpg,1
LISINOPRIL,2610.jpg,1
LISINOPRIL,2669.jpg,1
LISINOPRIL,2899.jpg,1
LISINOPRIL,2908.jpg,1
LISINOPRIL,2975.jpg,1
LISINOPRIL,3204.jpg,1
LISINOPRIL,3206.jpg,1
LISINOPRIL,3405.jpg,1
LISINOPRIL,3453.jpg,1
LISINOPRIL,3463.jpg,1
LISINOPRIL,3481.jpg,1
LISINOPRIL,3519.jpg,1
LISINOPRIL,361.jpg,1
LISINOPRIL,3679.jpg,1
LISINOPRIL,3684.jpg,1
LISINOPRIL,3805.jpg,1
LISINOPRIL,3986.jpg,1
LISINOPRIL,4012.jpg,1
LISINOPRIL,4332.jpg,1
LISINOPRIL,436.jpg,1
LISINOPRIL,4611.jpg,1
LISINOPRIL,4655.jpg,1
LISINOPRIL,4790.jpg,1
LISINOPRIL,4811.jpg,1
LISINOPRIL,4825.jpg,1
LISINOPRIL,4835.jpg,1
LISINOPRIL,4878.jpg,1
LISINOPRIL,4902.jpg,1
LISINOPRIL,62.jpg,1
LISINOPRIL,668.jpg,1
LISINOPRIL,767.jpg,1
LISINOPRIL,784.jpg,1
LISINOPRIL,00143-1268-01_PART_1_OF_1_CHAL10_SB_7321B9DD.jpg,1
LISINOPRIL,00143-1268-01_PART_1_OF_1_CHAL10_SF_7321B9DD.jpg,1
LISINOPRIL,00172-3757-60_PART_1_OF_1_CHAL10_SB_56202B31.jpg,1
LISINOPRIL,00172-3757-60_PART_1_OF_1_CHAL10_SB_FC2CFE07.jpg,1
LISINOPRIL,00172-3757-60_PART_1_OF_1_CHAL10_SF_56202B31.jpg,1
LISINOPRIL,00172-3757-60_PART_1_OF_1_CHAL10_SF_FC2CFE07.jpg,1
LISINOPRIL,00172-3761-60_PART_1_OF_1_CHAL10_SB_0E2D0708.jpg,1
LISINOPRIL,00172-3761-60_PART_1_OF_1_CHAL10_SB_5226A915.jpg,1
LISINOPRIL,00172-3761-60_PART_1_OF_1_CHAL10_SF_0E2D0708.jpg,1
LISINOPRIL,00172-3761-60_PART_1_OF_1_CHAL10_SF_5226A915.jpg,1
LISINOPRIL,00172-3762-60_PART_1_OF_1_CHAL10_SB_0B2D85FC.jpg,1
LISINOPRIL,00172-3762-60_PART_1_OF_1_CHAL10_SB_8B21C5AE.jpg,1
LISINOPRIL,00172-3762-60_PART_1_OF_1_CHAL10_SF_0B2D85FC.jpg,1
LISINOPRIL,00172-3762-60_PART_1_OF_1_CHAL10_SF_8B21C5AE.jpg,1
LISINOPRIL,00378-2072-01_PART_1_OF_1_CHAL10_SB_8621435A.jpg,1
LISINOPRIL,00378-2072-01_PART_1_OF_1_CHAL10_SF_8621435A.jpg,1
LISINOPRIL,00378-2073-01_PART_1_OF_1_CHAL10_SB_C523E2AF.jpg,1
LISINOPRIL,00378-2073-01_PART_1_OF_1_CHAL10_SF_C523E2AF.jpg,1
LISINOPRIL,00378-2074-01_PART_1_OF_1_CHAL10_SB_8B2145CA.jpg,1
LISINOPRIL,00378-2074-01_PART_1_OF_1_CHAL10_SF_8B2145CA.jpg,1
LISINOPRIL,00378-2076-01_PART_1_OF_1_CHAL10_SB_5A23AD6D.jpg,1
LISINOPRIL,00378-2076-01_PART_1_OF_1_CHAL10_SF_5A23AD6D.jpg,1
LISINOPRIL,00378-2077-01_PART_1_OF_1_CHAL10_SB_4426A255.jpg,1
LISINOPRIL,00378-2077-01_PART_1_OF_1_CHAL10_SF_4426A255.jpg,1
LISINOPRIL,60505-0185-00_PART_1_OF_1_CHAL10_SB_27269384.jpg,1
LISINOPRIL,60505-0185-00_PART_1_OF_1_CHAL10_SF_27269384.jpg,1
LISINOPRIL,0378-2075_0_0.jpg,1
LISINOPRIL,0378-2075_0_1.jpg,1
SIMVASTATIN,1049.jpg,2
SIMVASTATIN,107.jpg,2
SIMVASTATIN,1163.jpg,2
SIMVASTATIN,1479.jpg,2
SIMVASTATIN,1558.jpg,2
SIMVASTATIN,1581.jpg,2
SIMVASTATIN,1660.jpg,2
SIMVASTATIN,1663.jpg,2
SIMVASTATIN,1774.jpg,2
SIMVASTATIN,1789.jpg,2
SIMVASTATIN,2018.jpg,2
SIMVASTATIN,2068.jpg,2
SIMVASTATIN,2093.jpg,2
SIMVASTATIN,220.jpg,2
SIMVASTATIN,2234.jpg,2
SIMVASTATIN,2236.jpg,2
SIMVASTATIN,2333.jpg,2
SIMVASTATIN,2628.jpg,2
SIMVASTATIN,2649.jpg,2
SIMVASTATIN,2761.jpg,2
SIMVASTATIN,2914.jpg,2
SIMVASTATIN,297.jpg,2
SIMVASTATIN,3119.jpg,2
SIMVASTATIN,326.jpg,2
SIMVASTATIN,3266.jpg,2
SIMVASTATIN,33.jpg,2
SIMVASTATIN,3377.jpg,2
SIMVASTATIN,3621.jpg,2
SIMVASTATIN,3670.jpg,2
SIMVASTATIN,372.jpg,2
SIMVASTATIN,3848.jpg,2
SIMVASTATIN,3934.jpg,2
SIMVASTATIN,3953.jpg,2
SIMVASTATIN,411.jpg,2
SIMVASTATIN,4398.jpg,2
SIMVASTATIN,4733.jpg,2
SIMVASTATIN,4796.jpg,2
SIMVASTATIN,4982.jpg,2
SIMVASTATIN,54.jpg,2
SIMVASTATIN,542.jpg,2
SIMVASTATIN,605.jpg,2
SIMVASTATIN,626.jpg,2
SIMVASTATIN,681.jpg,2
SIMVASTATIN,927.jpg,2
SIMVASTATIN,941.jpg,2
SIMVASTATIN,944.jpg,2
SIMVASTATIN,952.jpg,2
SIMVASTATIN,00093-7155-98_PART_1_OF_1_CHAL10_SB_4A21A50D.jpg,2
SIMVASTATIN,00093-7155-98_PART_1_OF_1_CHAL10_SF_4A21A50D.jpg,2
SIMVASTATIN,55111-0197-30_PART_1_OF_1_CHAL10_SB_D7236B9B.jpg,2
SIMVASTATIN,55111-0197-30_PART_1_OF_1_CHAL10_SF_D7236B9B.jpg,2
SIMVASTATIN,55111-0198-30_PART_1_OF_1_CHAL10_SB_E022F067.jpg,2
SIMVASTATIN,55111-0198-30_PART_1_OF_1_CHAL10_SF_E022F067.jpg,2
SIMVASTATIN,55111-0268-30_PART_1_OF_1_CHAL10_SB_C422E227.jpg,2
SIMVASTATIN,55111-0268-30_PART_1_OF_1_CHAL10_SF_C422E227.jpg,2
SIMVASTATIN,65862-0050-30_PART_1_OF_1_CHAL10_SB_012180AC.jpg,2
SIMVASTATIN,65862-0050-30_PART_1_OF_1_CHAL10_SF_012180AC.jpg,2
SIMVASTATIN,65862-0052-30_PART_1_OF_1_CHAL10_SB_E522F2D7.jpg,2
SIMVASTATIN,65862-0052-30_PART_1_OF_1_CHAL10_SF_E522F2D7.jpg,2
SIMVASTATIN,65862-0053-30_PART_1_OF_1_CHAL10_SB_C621630B.jpg,2
SIMVASTATIN,65862-0053-30_PART_1_OF_1_CHAL10_SF_C621630B.jpg,2
SIMVASTATIN,65862-0054-30_PART_1_OF_1_CHAL10_SB_C12160FB.jpg,2
SIMVASTATIN,65862-0054-30_PART_1_OF_1_CHAL10_SF_C12160FB.jpg,2
SIMVASTATIN,68180-0478-01_PART_1_OF_1_CHAL10_SB_AB21558A.jpg,2
SIMVASTATIN,68180-0478-01_PART_1_OF_1_CHAL10_SF_AB21558A.jpg,2
SIMVASTATIN,68180-0479-01_PART_1_OF_1_CHAL10_SB_B4215A0A.jpg,2
SIMVASTATIN,68180-0479-01_PART_1_OF_1_CHAL10_SF_B4215A0A.jpg,2
SIMVASTATIN,68180-0480-01_PART_1_OF_1_CHAL10_SB_0A21855C.jpg,2
SIMVASTATIN,68180-0480-01_PART_1_OF_1_CHAL10_SF_0A21855C.jpg,2
SIMVASTATIN,68180-0481-01_PART_1_OF_1_CHAL10_SB_FA217D1B.jpg,2
SIMVASTATIN,68180-0481-01_PART_1_OF_1_CHAL10_SF_FA217D1B.jpg,2
WARFARIN SODIUM,129.jpg,3
WARFARIN SODIUM,1308.jpg,3
WARFARIN SODIUM,1387.jpg,3
WARFARIN SODIUM,1426.jpg,3
WARFARIN SODIUM,1457.jpg,3
WARFARIN SODIUM,1551.jpg,3
WARFARIN SODIUM,1677.jpg,3
WARFARIN SODIUM,1683.jpg,3
WARFARIN SODIUM,1876.jpg,3
WARFARIN SODIUM,2231.jpg,3
WARFARIN SODIUM,2389.jpg,3
WARFARIN SODIUM,2510.jpg,3
WARFARIN SODIUM,2699.jpg,3
WARFARIN SODIUM,271.jpg,3
WARFARIN SODIUM,2747.jpg,3
WARFARIN SODIUM,2780.jpg,3
WARFARIN SODIUM,2803.jpg,3
WARFARIN SODIUM,2855.jpg,3
WARFARIN SODIUM,2919.jpg,3
WARFARIN SODIUM,3314.jpg,3
WARFARIN SODIUM,3384.jpg,3
WARFARIN SODIUM,3445.jpg,3
WARFARIN SODIUM,3637.jpg,3
WARFARIN SODIUM,4046.jpg,3
WARFARIN SODIUM,4140.jpg,3
WARFARIN SODIUM,4206.jpg,3
WARFARIN SODIUM,4381.jpg,3
WARFARIN SODIUM,4605.jpg,3
WARFARIN SODIUM,4631.jpg,3
WARFARIN SODIUM,4660.jpg,3
WARFARIN SODIUM,4884.jpg,3
WARFARIN SODIUM,4931.jpg,3
WARFARIN SODIUM,4955.jpg,3
WARFARIN SODIUM,985.jpg,3
WARFARIN SODIUM,00555-0831-02_PART_1_OF_1_CHAL10_SB_C52F62EB.jpg,3
WARFARIN SODIUM,00555-0831-02_PART_1_OF_1_CHAL10_SB_F321798B.jpg,3
WARFARIN SODIUM,00555-0831-02_PART_1_OF_1_CHAL10_SF_C52F62EB.jpg,3
WARFARIN SODIUM,00555-0831-02_PART_1_OF_1_CHAL10_SF_F321798B.jpg,3
WARFARIN SODIUM,00555-0834-02_PART_1_OF_1_CHAL10_SB_932F49CA.jpg,3
WARFARIN SODIUM,00555-0834-02_PART_1_OF_1_CHAL10_SB_D8216C0B.jpg,3
WARFARIN SODIUM,00555-0834-02_PART_1_OF_1_CHAL10_SF_932F49CA.jpg,3
WARFARIN SODIUM,00555-0834-02_PART_1_OF_1_CHAL10_SF_D8216C0B.jpg,3
WARFARIN SODIUM,00555-0835-02_PART_1_OF_1_CHAL10_SB_98214C5A.jpg,3
WARFARIN SODIUM,00555-0835-02_PART_1_OF_1_CHAL10_SB_CA2F655B.jpg,3
WARFARIN SODIUM,00555-0835-02_PART_1_OF_1_CHAL10_SF_98214C5A.jpg,3
WARFARIN SODIUM,00555-0835-02_PART_1_OF_1_CHAL10_SF_CA2F655B.jpg,3
WARFARIN SODIUM,00555-0925-02_PART_1_OF_1_CHAL10_SB_46212319.jpg,3
WARFARIN SODIUM,00555-0925-02_PART_1_OF_1_CHAL10_SB_972F4BDA.jpg,3
WARFARIN SODIUM,00555-0925-02_PART_1_OF_1_CHAL10_SF_46212319.jpg,3
WARFARIN SODIUM,00555-0925-02_PART_1_OF_1_CHAL10_SF_972F4BDA.jpg,3
WARFARIN SODIUM,51672-4029-01_PART_1_OF_1_CHAL10_SB_B9265CF2.jpg,3
WARFARIN SODIUM,51672-4029-01_PART_1_OF_1_CHAL10_SF_B9265CF2.jpg,3
WARFARIN SODIUM,51672-4030-01_PART_1_OF_1_CHAL10_SB_D12668F3.jpg,3
WARFARIN SODIUM,51672-4030-01_PART_1_OF_1_CHAL10_SF_D12668F3.jpg,3
WARFARIN SODIUM,51672-4032-01_PART_1_OF_1_CHAL10_SB_E52672E3.jpg,3
WARFARIN SODIUM,51672-4032-01_PART_1_OF_1_CHAL10_SF_E52672E3.jpg,3
WARFARIN SODIUM,51672-4033-01_PART_1_OF_1_CHAL10_SB_A72653F2.jpg,3
WARFARIN SODIUM,51672-4033-01_PART_1_OF_1_CHAL10_SF_A72653F2.jpg,3
WARFARIN SODIUM,51672-4035-01_PART_1_OF_1_CHAL10_SB_DA266D43.jpg,3
WARFARIN SODIUM,51672-4035-01_PART_1_OF_1_CHAL10_SF_DA266D43.jpg,3
GLYBURIDE,1026.jpg,4
GLYBURIDE,1080.jpg,4
GLYBURIDE,1447.jpg,4
GLYBURIDE,1459.jpg,4
GLYBURIDE,2169.jpg,4
GLYBURIDE,2335.jpg,4
GLYBURIDE,2352.jpg,4
GLYBURIDE,2458.jpg,4
GLYBURIDE,2544.jpg,4
GLYBURIDE,2901.jpg,4
GLYBURIDE,3315.jpg,4
GLYBURIDE,3431.jpg,4
GLYBURIDE,3438.jpg,4
GLYBURIDE,3494.jpg,4
GLYBURIDE,3565.jpg,4
GLYBURIDE,3632.jpg,4
GLYBURIDE,368.jpg,4
GLYBURIDE,370.jpg,4
GLYBURIDE,3832.jpg,4
GLYBURIDE,4107.jpg,4
GLYBURIDE,4298.jpg,4
GLYBURIDE,4305.jpg,4
GLYBURIDE,470.jpg,4
GLYBURIDE,482.jpg,4
GLYBURIDE,742.jpg,4
GLYBURIDE,00093-8035-01_PART_1_OF_1_CHAL10_SB_DC266E63.jpg,4
GLYBURIDE,00093-8035-01_PART_1_OF_1_CHAL10_SF_DC266E63.jpg,4
GLYBURIDE,00093-8036-01_PART_1_OF_1_CHAL10_SB_C2266173.jpg,4
GLYBURIDE,00093-8036-01_PART_1_OF_1_CHAL10_SF_C2266173.jpg,4
GLYBURIDE,00143-9919-01_PART_1_OF_1_CHAL10_SB_02230118.jpg,4
GLYBURIDE,00143-9919-01_PART_1_OF_1_CHAL10_SF_02230118.jpg,4
GLYBURIDE,00143-9920-01_PART_1_OF_1_CHAL10_SB_A4265272.jpg,4
GLYBURIDE,00143-9920-01_PART_1_OF_1_CHAL10_SF_A4265272.jpg,4
GLYBURIDE,00378-1125-01_PART_1_OF_1_CHAL10_SB_7E203F41.jpg,4
GLYBURIDE,00378-1125-01_PART_1_OF_1_CHAL10_SF_7E203F41.jpg,4
GLYBURIDE,00781-1146-01_PART_1_OF_1_CHAL10_SB_F422FA27.jpg,4
GLYBURIDE,00781-1146-01_PART_1_OF_1_CHAL10_SF_F422FA27.jpg,4
GLYBURIDE,00781-1191-01_PART_1_OF_1_CHAL10_SB_F920FCA7.jpg,4
GLYBURIDE,00781-1191-01_PART_1_OF_1_CHAL10_SF_F920FCA7.jpg,4
GLYBURIDE,0093-9364_0_0.jpg,4
GLYBURIDE,0093-9364_0_1.jpg,4
GLYBURIDE,0093-9433_0_0.jpg,4
GLYBURIDE,0093-9433_0_1.jpg,4
PREDNISONE,1090.jpg,5
PREDNISONE,1216.jpg,5
PREDNISONE,1234.jpg,5
PREDNISONE,1673.jpg,5
PREDNISONE,174.jpg,5
PREDNISONE,2047.jpg,5
PREDNISONE,2281.jpg,5
PREDNISONE,2349.jpg,5
PREDNISONE,2448.jpg,5
PREDNISONE,2681.jpg,5
PREDNISONE,2696.jpg,5
PREDNISONE,2885.jpg,5
PREDNISONE,2968.jpg,5
PREDNISONE,3221.jpg,5
PREDNISONE,3289.jpg,5
PREDNISONE,3833.jpg,5
PREDNISONE,3877.jpg,5
PREDNISONE,389.jpg,5
PREDNISONE,3926.jpg,5
PREDNISONE,421.jpg,5
PREDNISONE,4928.jpg,5
PREDNISONE,676.jpg,5
PREDNISONE,694.jpg,5
PREDNISONE,748.jpg,5
PREDNISONE,774.jpg,5
PREDNISONE,00054-0017-25_PART_1_OF_1_CHAL10_SB_F7217BFB.jpg,5
PREDNISONE,00054-0017-25_PART_1_OF_1_CHAL10_SF_F7217BFB.jpg,5
PREDNISONE,00054-4728-25_PART_1_OF_1_CHAL10_SB_8723C3EE.jpg,5
PREDNISONE,00054-4728-25_PART_1_OF_1_CHAL10_SF_8723C3EE.jpg,5
PREDNISONE,00143-1425-01_PART_1_OF_1_CHAL10_SB_B12658A2.jpg,5
PREDNISONE,00143-1425-01_PART_1_OF_1_CHAL10_SF_B12658A2.jpg,5
PREDNISONE,00143-1473-01_PART_1_OF_1_CHAL10_SB_A8205472.jpg,5
PREDNISONE,00143-1473-01_PART_1_OF_1_CHAL10_SF_A8205472.jpg,5
PREDNISONE,00143-1475-01_PART_1_OF_1_CHAL10_SB_B7205BF2.jpg,5
PREDNISONE,00143-1475-01_PART_1_OF_1_CHAL10_SF_B7205BF2.jpg,5
PREDNISONE,00591-5052-01_PART_1_OF_1_CHAL10_SB_BD215E8A.jpg,5
PREDNISONE,00591-5052-01_PART_1_OF_1_CHAL10_SF_BD215E8A.jpg,5
PREDNISONE,00591-5442-01_PART_1_OF_1_CHAL10_SB_BA205D42.jpg,5
PREDNISONE,00591-5442-01_PART_1_OF_1_CHAL10_SF_BA205D42.jpg,5
PREDNISONE,53489-0138-01_PART_1_OF_1_CHAL10_SB_B3205982.jpg,5
PREDNISONE,53489-0138-01_PART_1_OF_1_CHAL10_SF_B3205982.jpg,5
PREDNISONE,53489-0139-01_PART_1_OF_1_CHAL10_SB_B0205832.jpg,5
PREDNISONE,53489-0139-01_PART_1_OF_1_CHAL10_SF_B0205832.jpg,5
SOTALOL HYDROCHLORIDE,1287.jpg,6
SOTALOL HYDROCHLORIDE,1761.jpg,6
SOTALOL HYDROCHLORIDE,2217.jpg,6
SOTALOL HYDROCHLORIDE,2442.jpg,6
SOTALOL HYDROCHLORIDE,2452.jpg,6
SOTALOL HYDROCHLORIDE,2663.jpg,6
SOTALOL HYDROCHLORIDE,2689.jpg,6
SOTALOL HYDROCHLORIDE,298.jpg,6
SOTALOL HYDROCHLORIDE,395.jpg,6
SOTALOL HYDROCHLORIDE,3970.jpg,6
SOTALOL HYDROCHLORIDE,4108.jpg,6
SOTALOL HYDROCHLORIDE,4338.jpg,6
SOTALOL HYDROCHLORIDE,4562.jpg,6
SOTALOL HYDROCHLORIDE,4634.jpg,6
SOTALOL HYDROCHLORIDE,4747.jpg,6
SOTALOL HYDROCHLORIDE,4832.jpg,6
SOTALOL HYDROCHLORIDE,4890.jpg,6
SOTALOL HYDROCHLORIDE,4905.jpg,6
SOTALOL HYDROCHLORIDE,552.jpg,6
SOTALOL HYDROCHLORIDE,679.jpg,6
SOTALOL HYDROCHLORIDE,695.jpg,6
SOTALOL HYDROCHLORIDE,738.jpg,6
SOTALOL HYDROCHLORIDE,851.jpg,6
SOTALOL HYDROCHLORIDE,00093-1061-01_PART_1_OF_1_CHAL10_SB_9329C9EE.jpg,6
SOTALOL HYDROCHLORIDE,00093-1061-01_PART_1_OF_1_CHAL10_SF_9329C9EE.jpg,6
SOTALOL HYDROCHLORIDE,00378-0305-01_PART_1_OF_1_CHAL10_SB_332199CC.jpg,6
SOTALOL HYDROCHLORIDE,00378-0305-01_PART_1_OF_1_CHAL10_SF_332199CC.jpg,6
SOTALOL HYDROCHLORIDE,00378-0310-01_PART_1_OF_1_CHAL10_SB_4121A08D.jpg,6
SOTALOL HYDROCHLORIDE,00378-0310-01_PART_1_OF_1_CHAL10_SF_4121A08D.jpg,6
SOTALOL HYDROCHLORIDE,00378-5123-01_PART_1_OF_1_CHAL10_SB_D223E93F.jpg,6
SOTALOL HYDROCHLORIDE,00378-5123-01_PART_1_OF_1_CHAL10_SF_D223E93F.jpg,6
SOTALOL HYDROCHLORIDE,00378-5124-01_PART_1_OF_1_CHAL10_SB_3C219E7C.jpg,6
SOTALOL HYDROCHLORIDE,00378-5124-01_PART_1_OF_1_CHAL10_SF_3C219E7C.jpg,6
SOTALOL HYDROCHLORIDE,00603-5771-21_PART_1_OF_1_CHAL10_SB_38231C78.jpg,6
SOTALOL HYDROCHLORIDE,00603-5771-21_PART_1_OF_1_CHAL10_SF_38231C78.jpg,6
SOTALOL HYDROCHLORIDE,0378-5125_0_0.jpg,6
SOTALOL HYDROCHLORIDE,0378-5125_0_1.jpg,6
SOTALOL HYDROCHLORIDE,60505-0222_0_0.jpg,6
SOTALOL HYDROCHLORIDE,60505-0222_0_1.jpg,6
SOTALOL HYDROCHLORIDE,60505-0224_0_0.jpg,6
SOTALOL HYDROCHLORIDE,60505-0224_0_1.jpg,6
RISPERIDONE TABLETS USP,106.jpg,7
RISPERIDONE TABLETS USP,1099.jpg,7
RISPERIDONE TABLETS USP,1196.jpg,7
RISPERIDONE TABLETS USP,1280.jpg,7
RISPERIDONE TABLETS USP,1556.jpg,7
RISPERIDONE TABLETS USP,1729.jpg,7
RISPERIDONE TABLETS USP,176.jpg,7
RISPERIDONE TABLETS USP,1936.jpg,7
RISPERIDONE TABLETS USP,2084.jpg,7
RISPERIDONE TABLETS USP,2227.jpg,7
RISPERIDONE TABLETS USP,2262.jpg,7
RISPERIDONE TABLETS USP,2276.jpg,7
RISPERIDONE TABLETS USP,25.jpg,7
RISPERIDONE TABLETS USP,2775.jpg,7
RISPERIDONE TABLETS USP,3041.jpg,7
RISPERIDONE TABLETS USP,3615.jpg,7
RISPERIDONE TABLETS USP,3694.jpg,7
RISPERIDONE TABLETS USP,3703.jpg,7
RISPERIDONE TABLETS USP,3829.jpg,7
RISPERIDONE TABLETS USP,3907.jpg,7
RISPERIDONE TABLETS USP,4352.jpg,7
RISPERIDONE TABLETS USP,4669.jpg,7
RISPERIDONE TABLETS USP,4833.jpg,7
RISPERIDONE TABLETS USP,4930.jpg,7
RISPERIDONE TABLETS USP,78.jpg,7
RISPERIDONE TABLETS USP,79.jpg,7
RISPERIDONE TABLETS USP,00093-0221-06_PART_1_OF_1_CHAL10_SB_9F294FDA.jpg,7
RISPERIDONE TABLETS USP,00093-0221-06_PART_1_OF_1_CHAL10_SF_9F294FDA.jpg,7
RISPERIDONE TABLETS USP,00093-0225-06_PART_1_OF_1_CHAL10_SB_8D2946DA.jpg,7
RISPERIDONE TABLETS USP,00093-0225-06_PART_1_OF_1_CHAL10_SF_8D2946DA.jpg,7
RISPERIDONE TABLETS USP,00093-7240-06_PART_1_OF_1_CHAL10_SB_7F293FE9.jpg,7
RISPERIDONE TABLETS USP,00093-7240-06_PART_1_OF_1_CHAL10_SF_7F293FE9.jpg,7
RISPERIDONE TABLETS USP,00093-7241-06_PART_1_OF_1_CHAL10_SB_8B2945BA.jpg,7
RISPERIDONE TABLETS USP,00093-7241-06_PART_1_OF_1_CHAL10_SF_8B2945BA.jpg,7
RISPERIDONE TABLETS USP,00093-7242-06_PART_1_OF_1_CHAL10_SB_76293B69.jpg,7
RISPERIDONE TABLETS USP,00093-7242-06_PART_1_OF_1_CHAL10_SF_76293B69.jpg,7
RISPERIDONE TABLETS USP,00093-7243-06_PART_1_OF_1_CHAL10_SB_7B293DD9.jpg,7
RISPERIDONE TABLETS USP,00093-7243-06_PART_1_OF_1_CHAL10_SF_7B293DD9.jpg,7
RISPERIDONE TABLETS USP,27241-006_0_0.jpg,7
RISPERIDONE TABLETS USP,27241-006_0_1.jpg,7
